n_topics,n_words,ngram_range,coherence
20,5,"(2, 3)",0.8411315865561432
10,10,"(2, 3)",0.8114064378669616
10,5,"(2, 3)",0.8063454571484066
20,10,"(2, 3)",0.7763635126604607
30,5,"(2, 3)",0.7531386333774612
30,10,"(2, 3)",0.7017423056590549
