n_topics,n_words,ngram_range,coherence
10,5,"(2, 3)",0.8318148489025184
10,10,"(2, 3)",0.8107785920079835
20,5,"(2, 3)",0.8011053436302106
20,10,"(2, 3)",0.7562708315185013
